"url","Prettylink","Prettylink_link","Contentblock","Contentlink","Contentlink_link","Contentimg","Contentimg_alt","Contentimg_link"
"https://twitter.com/search?l=&q=%23maga%20since%3A2016-09-27%20until%3A2016-09-28&src=typd&lang=en","","","""I am not running to be President of the World. I am running to be President of the United States."" #TrumpPence16 #AmericaFirst #MAGA pic.twitter.com/FpYJ0GX3zk","Linda Suhler, Ph.D.‏ @LindaSuhler; 27 Sep 2016; #TrumpPence16; #AmericaFirst; #MAGA; pic.twitter.com/FpYJ0GX3zk","https://twitter.com/LindaSuhler; https://twitter.com/LindaSuhler/status/780919933035089920; https://twitter.com/hashtag/TrumpPence16?src=hash; https://twitter.com/hashtag/AmericaFirst?src=hash; https://twitter.com/hashtag/MAGA?src=hash; https://t.co/FpYJ0GX3zk","https://pbs.twimg.com/profile_images/816430830532718592/MZ3braDh_bigger.jpg; https://pbs.twimg.com/media/CtZievyUkAEOxhV.jpg","; ","https://twitter.com/LindaSuhler; "
"https://twitter.com/search?l=&q=%23maga%20since%3A2016-09-27%20until%3A2016-09-28&src=typd&lang=en","Baseball Fanatic","https://twitter.com/baseballusna","You won't see these words of support on TV. #MAGA #AmericaFirst #TrumpTrainpic.twitter.com/Sm9zz94sZT","Dan Scavino Jr.‏Verified account @DanScavino; 27 Sep 2016; #MAGA; #AmericaFirst; #TrumpTrain; pic.twitter.com/Sm9zz94sZT","https://twitter.com/DanScavino; https://twitter.com/DanScavino/status/780879677279862784; https://twitter.com/hashtag/MAGA?src=hash; https://twitter.com/hashtag/AmericaFirst?src=hash; https://twitter.com/hashtag/TrumpTrain?src=hash; https://t.co/Sm9zz94sZT","https://pbs.twimg.com/profile_images/855566219914735616/C9Zg2k2I_bigger.jpg","","https://twitter.com/DanScavino"
"https://twitter.com/search?l=&q=%23maga%20since%3A2016-09-27%20until%3A2016-09-28&src=typd&lang=en","","","#CrookedHillary needed this hack job #LesterHolt to save her. #debatenight #Debates2016 #debates #TrumpWon #MAGA pic.twitter.com/Dttb4rEJGL","Jon Burrows‏ @JonJBurrows; 27 Sep 2016; #CrookedHillary; #LesterHolt; #debatenight; #Debates2016; #debates; #TrumpWon; #MAGA; pic.twitter.com/Dttb4rEJGL","https://twitter.com/JonJBurrows; https://twitter.com/JonJBurrows/status/780919608698023937; https://twitter.com/hashtag/CrookedHillary?src=hash; https://twitter.com/hashtag/LesterHolt?src=hash; https://twitter.com/hashtag/debatenight?src=hash; https://twitter.com/hashtag/Debates2016?src=hash; https://twitter.com/hashtag/debates?src=hash; https://twitter.com/hashtag/TrumpWon?src=hash; https://twitter.com/hashtag/MAGA?src=hash; https://t.co/Dttb4rEJGL","https://pbs.twimg.com/profile_images/753476366423592960/q1x82r_7_bigger.jpg; https://pbs.twimg.com/media/CtZiPrhUkAAyjds.jpg","; ","https://twitter.com/JonJBurrows; "
"https://twitter.com/search?l=&q=%23maga%20since%3A2016-09-27%20until%3A2016-09-28&src=typd&lang=en","","","Jews had slave trade monopoly in Roman Empire, with rise of Islam&large orders 4 blue eyed blond goddesses, what's a profiteers 2do? #maga","george‏ @547George; 27 Sep 2016; #maga","https://twitter.com/547George; https://twitter.com/547George/status/780919940102709248; https://twitter.com/hashtag/maga?src=hash","https://pbs.twimg.com/profile_images/602164167903023104/F4Hvv06S_bigger.jpg","","https://twitter.com/547George"
"https://twitter.com/search?l=&q=%23maga%20since%3A2016-09-27%20until%3A2016-09-28&src=typd&lang=en","Judy","https://twitter.com/Peep_Judy","Milwaukee County @SheriffClarke demonstrated once again why he’s an American badass. #MAGA #ThinBlueLine •http://www.bizpacreview.com/2016/09/27/straight-badass-sheriff-clarke-takes-care-business-drunk-passenger-gets-unruly-mid-flight-394932 …pic.twitter.com/UNMuAa1mJl","CC‏ @ChristiChat; 27 Sep 2016; @SheriffClarke; #MAGA; #ThinBlueLine; http://www.bizpacreview.com/2016/09/27/straight-badass-sheriff-clarke-takes-care-business-drunk-passenger-gets-unruly-mid-flight-394932 …; pic.twitter.com/UNMuAa1mJl","https://twitter.com/ChristiChat; https://twitter.com/ChristiChat/status/780907691711590401; https://twitter.com/SheriffClarke; https://twitter.com/hashtag/MAGA?src=hash; https://twitter.com/hashtag/ThinBlueLine?src=hash; https://t.co/0KjgJMRrHG; https://t.co/UNMuAa1mJl","https://pbs.twimg.com/profile_images/842428128123326464/TuZXOJfy_bigger.jpg; https://pbs.twimg.com/media/CtZXZ2nWAAAnxKd.jpg","; ","https://twitter.com/ChristiChat; "
"https://twitter.com/search?l=&q=%23maga%20since%3A2016-09-27%20until%3A2016-09-28&src=typd&lang=en","LindaReducer","https://twitter.com/Reducer","I love Charles Hurt -->The Nuclear Option: Trump Was Very Good - And Will Be Even Better - http://www.breitbart.com/2016-presidential-race/2016/09/27/nuclear-option-trump-good-will-even-better/ … #MAGA #TRUMP","The Real ExTex‏ @theRealExTex; 27 Sep 2016; http://www.breitbart.com/2016-presidential-race/2016/09/27/nuclear-option-trump-good-will-even-better/ …; #MAGA; #TRUMP","https://twitter.com/theRealExTex; https://twitter.com/theRealExTex/status/780917752936542208; https://t.co/KUCwB5dFFY; https://twitter.com/hashtag/MAGA?src=hash; https://twitter.com/hashtag/TRUMP?src=hash","https://pbs.twimg.com/profile_images/549963389795971072/y5g231G6_bigger.jpeg","","https://twitter.com/theRealExTex"
"https://twitter.com/search?l=&q=%23maga%20since%3A2016-09-27%20until%3A2016-09-28&src=typd&lang=en","👠 🥊Redpill Cherokee","https://twitter.com/jonicox55","Such a great honor. Final debate polls are in - and the MOVEMENT wins! #AmericaFirst #MAGA #ImWithYou http://www.DonaldJTrump.com pic.twitter.com/sfCEE3I5pF","Donald J. Trump‏Verified account @realDonaldTrump; 27 Sep 2016; #AmericaFirst; #MAGA; #ImWithYou; http://www.DonaldJTrump.com; pic.twitter.com/sfCEE3I5pF","https://twitter.com/realDonaldTrump; https://twitter.com/realDonaldTrump/status/780796008854876160; https://twitter.com/hashtag/AmericaFirst?src=hash; https://twitter.com/hashtag/MAGA?src=hash; https://twitter.com/hashtag/ImWithYou?src=hash; https://t.co/3KWOl2ibaW; https://t.co/sfCEE3I5pF","https://pbs.twimg.com/profile_images/1980294624/DJT_Headshot_V2_bigger.jpg; https://pbs.twimg.com/media/CtXxhxeWIAAefPB.jpg","; ","https://twitter.com/realDonaldTrump; "
"https://twitter.com/search?l=&q=%23maga%20since%3A2016-09-27%20until%3A2016-09-28&src=typd&lang=en","Scar","https://twitter.com/ScarsOfWism72od","'CNBC, Time magazine online polls say Donald Trump won the first presidential debate' via @WashTimes. #MAGA http://m.washingtontimes.com/news/2016/sep/27/cnbc-time-magazine-online-polls-say-donald-trump-w/ …","Donald J. Trump‏Verified account @realDonaldTrump; 27 Sep 2016; @WashTimes; #MAGA; http://m.washingtontimes.com/news/2016/sep/27/cnbc-time-magazine-online-polls-say-donald-trump-w/ …","https://twitter.com/realDonaldTrump; https://twitter.com/realDonaldTrump/status/780861171238834176; https://twitter.com/WashTimes; https://twitter.com/hashtag/MAGA?src=hash; https://t.co/PGimqYKPoJ","https://pbs.twimg.com/profile_images/1980294624/DJT_Headshot_V2_bigger.jpg","","https://twitter.com/realDonaldTrump"
"https://twitter.com/search?l=&q=%23maga%20since%3A2016-09-27%20until%3A2016-09-28&src=typd&lang=en","bfrasier1951","https://twitter.com/bfrasier1951","List of Senators #Email Them Say STOP #ICANN Transfer ONLY OPTION NOW IS TO DEFUND In The CR #TrumpPence16 #DC #MAGA http://SocialNetworksManager.com/?p=10181 – at The White House","Bruce Porter, Jr.‏ @NetworksManager; 27 Sep 2016; @NetworksManager; #Email; #ICANN; #TrumpPence16; #DC; #MAGA; http://SocialNetworksManager.com/?p=10181; The White House","https://twitter.com/NetworksManager; https://twitter.com/NetworksManager/status/780892094974025728; https://twitter.com/NetworksManager; https://twitter.com/hashtag/Email?src=hash; https://twitter.com/hashtag/ICANN?src=hash; https://twitter.com/hashtag/TrumpPence16?src=hash; https://twitter.com/hashtag/DC?src=hash; https://twitter.com/hashtag/MAGA?src=hash; https://t.co/M0UyM5yw0y; https://twitter.com/search?q=place%3A07d9dafff4481002","https://pbs.twimg.com/profile_images/854422612310708226/yq8sdVz0_bigger.jpg","","https://twitter.com/NetworksManager"
"https://twitter.com/search?l=&q=%23maga%20since%3A2016-09-27%20until%3A2016-09-28&src=typd&lang=en","","","@BretBaier @krauthammer @HowardKurtz @HillaryClinton WILL CONTINUE BO POLICIES! IS A LIAR! @realDonaldTrump #MAGA pic.twitter.com/WwjgZh8gwA","sandra bailey‏ @sandrapatriot; 27 Sep 2016; @BretBaier; @krauthammer; @HowardKurtz; @HillaryClinton; @realDonaldTrump; #MAGA; pic.twitter.com/WwjgZh8gwA","https://twitter.com/sandrapatriot; https://twitter.com/sandrapatriot/status/780919915796504577; https://twitter.com/BretBaier; https://twitter.com/krauthammer; https://twitter.com/HowardKurtz; https://twitter.com/HillaryClinton; https://twitter.com/realDonaldTrump; https://twitter.com/hashtag/MAGA?src=hash; https://t.co/WwjgZh8gwA","https://pbs.twimg.com/profile_images/764097861491396608/RWrmFOiw_bigger.jpg; https://pbs.twimg.com/media/CtZigOtUMAAeMjV.jpg; https://pbs.twimg.com/media/CtZignhUAAAKSv3.jpg; https://pbs.twimg.com/media/CtZihFLVIAASyj-.jpg; https://pbs.twimg.com/media/CtZihaAVMAA2dLA.jpg","; ; ; ; ","https://twitter.com/sandrapatriot; ; ; ; "
"https://twitter.com/search?l=&q=%23maga%20since%3A2016-09-27%20until%3A2016-09-28&src=typd&lang=en","","","Push back #altright #whitegenocide #maga #tcot #sjw Imperial Beach,CA mayor withdraws from “Welcoming City” programhttps://refugeeresettlementwatch.wordpress.com/2016/09/24/imperial-beach-ca-mayor-withdraws-from-welcoming-city-program/?utm_campaign=crowdfire&utm_content=crowdfire&utm_medium=social&utm_source=twitter …","george‏ @547George; 27 Sep 2016; #altright; #whitegenocide; #maga; #tcot; #sjw; https://refugeeresettlementwatch.wordpress.com/2016/09/24/imperial-beach-ca-mayor-withdraws-from-welcoming-city-program/?utm_campaign=crowdfire&utm_content=crowdfire&utm_medium=social&utm_source=twitter …","https://twitter.com/547George; https://twitter.com/547George/status/780919899027824640; https://twitter.com/hashtag/altright?src=hash; https://twitter.com/hashtag/whitegenocide?src=hash; https://twitter.com/hashtag/maga?src=hash; https://twitter.com/hashtag/tcot?src=hash; https://twitter.com/hashtag/sjw?src=hash; https://t.co/7vY7SOGnWd","https://pbs.twimg.com/profile_images/602164167903023104/F4Hvv06S_bigger.jpg","","https://twitter.com/547George"
"https://twitter.com/search?l=&q=%23maga%20since%3A2016-09-27%20until%3A2016-09-28&src=typd&lang=en","","","There's a swell in the USA that HRC $ can't touch. Normal 'Deplorables,' every race, creed, color, party #MAGA","KGB Karl Muh Hacks 🐸‏ @KdredKarl; 27 Sep 2016; @TheLeadCNN; @CristinaAlesci; #MAGA","https://twitter.com/KdredKarl; https://twitter.com/KdredKarl/status/780919862407356417; https://twitter.com/TheLeadCNN; https://twitter.com/CristinaAlesci; https://twitter.com/hashtag/MAGA?src=hash","https://pbs.twimg.com/profile_images/821748468096102400/s4_qijWv_bigger.jpg","","https://twitter.com/KdredKarl"
"https://twitter.com/search?l=&q=%23maga%20since%3A2016-09-27%20until%3A2016-09-28&src=typd&lang=en","","","Stop your nonsense you fools! The whole thing was a joke and stupid stupid Hillary fell for it. #TrumpWon #TrumpPence16 #MAGA #NeverHillaryhttps://twitter.com/time/status/780907391932108800 …","DeplorablePinkGirl 💕‏ @SMassadi; 27 Sep 2016; #TrumpWon; #TrumpPence16; #MAGA; #NeverHillary; https://twitter.com/time/status/780907391932108800 …","https://twitter.com/SMassadi; https://twitter.com/SMassadi/status/780919765397217281; https://twitter.com/hashtag/TrumpWon?src=hash; https://twitter.com/hashtag/TrumpPence16?src=hash; https://twitter.com/hashtag/MAGA?src=hash; https://twitter.com/hashtag/NeverHillary?src=hash; https://t.co/xsLRdI9gam","https://pbs.twimg.com/profile_images/854097544003162112/WgWQguG9_bigger.jpg","","https://twitter.com/SMassadi"
"https://twitter.com/search?l=&q=%23maga%20since%3A2016-09-27%20until%3A2016-09-28&src=typd&lang=en","","",".@realDonaldTrump “School choice civil rights issue of our time.” #MAGA","teriobrien‏ @teriobrien; 27 Sep 2016; @realDonaldTrump; #MAGA","https://twitter.com/teriobrien; https://twitter.com/teriobrien/status/780919727652757504; https://twitter.com/realDonaldTrump; https://twitter.com/hashtag/MAGA?src=hash","https://pbs.twimg.com/profile_images/52807315/headshot__edited_bigger.jpg","","https://twitter.com/teriobrien"
"https://twitter.com/search?l=&q=%23maga%20since%3A2016-09-27%20until%3A2016-09-28&src=typd&lang=en","","","mass destruction is the best solution in the united states #maga","Russellcraft‏ @HavocRuss; 27 Sep 2016; #maga","https://twitter.com/HavocRuss; https://twitter.com/HavocRuss/status/780919712268029952; https://twitter.com/hashtag/maga?src=hash","https://pbs.twimg.com/profile_images/780436725424386052/Z-GivY2d_bigger.jpg","","https://twitter.com/HavocRuss"
"https://twitter.com/search?l=&q=%23maga%20since%3A2016-09-27%20until%3A2016-09-28&src=typd&lang=en","","",".@DanScavino on #Periscope: AMAZING. THIS IS A MASSIVE MOVEMENT- we are in FLORIDA! #MAGA #TrumpTrainhttps://www.pscp.tv/w/armttjF6dkVOeWtxTldqZWR8MWpNS2dyZURvUlB4TCd5Z8Qv7mdDwthxw3RNwF5KNp8cI9SGIF78twEh5bNz …","Vicky ☆F ❤R☆ Trump‏ @Vicky4Trump; 27 Sep 2016; @DanScavino; #Periscope; #MAGA; #TrumpTrain; https://www.pscp.tv/w/armttjF6dkVOeWtxTldqZWR8MWpNS2dyZURvUlB4TCd5Z8Qv7mdDwthxw3RNwF5KNp8cI9SGIF78twEh5bNz …","https://twitter.com/Vicky4Trump; https://twitter.com/Vicky4Trump/status/780919697382400000; https://twitter.com/DanScavino; https://twitter.com/hashtag/Periscope?src=hash; https://twitter.com/hashtag/MAGA?src=hash; https://twitter.com/hashtag/TrumpTrain?src=hash; https://t.co/MzFdL2XqUI","https://pbs.twimg.com/profile_images/844255456851718145/g1AsmOAz_bigger.jpg","","https://twitter.com/Vicky4Trump"
"https://twitter.com/search?l=&q=%23maga%20since%3A2016-09-27%20until%3A2016-09-28&src=typd&lang=en","","","Hit & run trolls are the worst, pathetic bitches all! Stay strong, your words are the truth! #MAGA","🇺🇸 Johnny B 🇺🇸‏ @JB_Tw645; 27 Sep 2016; @jojoh888; #MAGA","https://twitter.com/JB_Tw645; https://twitter.com/JB_Tw645/status/780919602473758722; https://twitter.com/jojoh888; https://twitter.com/hashtag/MAGA?src=hash","https://pbs.twimg.com/profile_images/820449067943727104/WXZiSJJf_bigger.jpg","","https://twitter.com/JB_Tw645"
"https://twitter.com/search?l=&q=%23maga%20since%3A2016-09-27%20until%3A2016-09-28&src=typd&lang=en","","","#NeverHillary! Push NWO back! Save the sovereignty of our great nation; VOTE @realDonaldTrump #MAGA @LindaSuhler @forcerecon430 @steph93065pic.twitter.com/ESZziHjyo1","Cindylee‏ @Cynthia7_7; 27 Sep 2016; #NeverHillary; @realDonaldTrump; #MAGA; @LindaSuhler; @forcerecon430; @steph93065; pic.twitter.com/ESZziHjyo1","https://twitter.com/Cynthia7_7; https://twitter.com/Cynthia7_7/status/780919529941729280; https://twitter.com/hashtag/NeverHillary?src=hash; https://twitter.com/realDonaldTrump; https://twitter.com/hashtag/MAGA?src=hash; https://twitter.com/LindaSuhler; https://twitter.com/forcerecon430; https://twitter.com/steph93065; https://t.co/ESZziHjyo1","https://pbs.twimg.com/profile_images/717586116321349632/cupIpBRX_bigger.jpg; https://pbs.twimg.com/media/CtZiKxVUIAAcueO.jpg","; ","https://twitter.com/Cynthia7_7; "
"https://twitter.com/search?l=&q=%23maga%20since%3A2016-09-27%20until%3A2016-09-28&src=typd&lang=en","","","AllAboardTrumpTrain A Vote4HillaryWill B End OfAmerica As""We The People""Know It!When All The Dust Settles,WeWill B Speaking Arabic!#MAGA","Patricia Herrera‏ @Patrici69448532; 27 Sep 2016; #MAGA","https://twitter.com/Patrici69448532; https://twitter.com/Patrici69448532/status/780919521724870656; https://twitter.com/hashtag/MAGA?src=hash","https://pbs.twimg.com/profile_images/846202958974922753/FcvRQGt1_bigger.jpg","","https://twitter.com/Patrici69448532"
"https://twitter.com/search?l=&q=%23maga%20since%3A2016-09-27%20until%3A2016-09-28&src=typd&lang=en","","","""Without the main stream media, she wouldn't even be here, folks, that I can tell you."" - Donald Trump #MAGA","Frank‏ @trumpencexual; 27 Sep 2016; #MAGA","https://twitter.com/trumpencexual; https://twitter.com/trumpencexual/status/780919510178131968; https://twitter.com/hashtag/MAGA?src=hash","https://pbs.twimg.com/profile_images/857453515601436674/ERTikUN7_bigger.jpg","","https://twitter.com/trumpencexual"
"https://twitter.com/search?l=&q=%23maga%20since%3A2016-09-27%20until%3A2016-09-28&src=typd&lang=en","","","Trump is the dawn of New Age. They are the old ways. #MAGA https://twitter.com/savionwright/status/780862167855734784 …","🎀 Texas Darling‏ @TexitDarling; 27 Sep 2016; #MAGA; https://twitter.com/savionwright/status/780862167855734784 …","https://twitter.com/TexitDarling; https://twitter.com/TexitDarling/status/780919479458902016; https://twitter.com/hashtag/MAGA?src=hash; https://t.co/qTJvZ2P3pu","https://pbs.twimg.com/profile_images/799784815214010368/lU7dQKCD_bigger.jpg","","https://twitter.com/TexitDarling"
"https://twitter.com/search?l=&q=%23maga%20since%3A2016-09-27%20until%3A2016-09-28&src=typd&lang=en","","",".@realDonaldTrump “I am not running 2 B pres of world. I am running 2 B pres 4 U.” Crowd chants “USA! USA!” #MAGA","teriobrien‏ @teriobrien; 27 Sep 2016; @realDonaldTrump; #MAGA","https://twitter.com/teriobrien; https://twitter.com/teriobrien/status/780919464279900160; https://twitter.com/realDonaldTrump; https://twitter.com/hashtag/MAGA?src=hash","https://pbs.twimg.com/profile_images/52807315/headshot__edited_bigger.jpg","","https://twitter.com/teriobrien"
"https://twitter.com/search?l=&q=%23maga%20since%3A2016-09-27%20until%3A2016-09-28&src=typd&lang=en","","","Meanwhile millions of American children, namely minorities, going to bed hungry every evening. #MAGA #Trumphttps://twitter.com/SavageNation/status/780834631666900992 …","Fash Geese‏ @fashgeese; 27 Sep 2016; #MAGA; #Trump; https://twitter.com/SavageNation/status/780834631666900992 …","https://twitter.com/fashgeese; https://twitter.com/fashgeese/status/780919446315659264; https://twitter.com/hashtag/MAGA?src=hash; https://twitter.com/hashtag/Trump?src=hash; https://t.co/DrUW7od7Mq","https://pbs.twimg.com/profile_images/769359647450992640/AldaPvYR_bigger.jpg","","https://twitter.com/fashgeese"
"https://twitter.com/search?l=&q=%23maga%20since%3A2016-09-27%20until%3A2016-09-28&src=typd&lang=en","","","We see all of the support for @realDonaldTrump in Melbourne, Fla. #TrumpTrain #MAGA https://twitter.com/DanScavino/status/780918635871240192 …","Deplorable Bronxkid‏ @prugtiv; 27 Sep 2016; @realDonaldTrump; #TrumpTrain; #MAGA; https://twitter.com/DanScavino/status/780918635871240192 …","https://twitter.com/prugtiv; https://twitter.com/prugtiv/status/780919445254381568; https://twitter.com/realDonaldTrump; https://twitter.com/hashtag/TrumpTrain?src=hash; https://twitter.com/hashtag/MAGA?src=hash; https://t.co/QdtzjulaEY","https://pbs.twimg.com/profile_images/761672469287579648/VHeQUOel_bigger.jpg","","https://twitter.com/prugtiv"
"https://twitter.com/search?l=&q=%23maga%20since%3A2016-09-27%20until%3A2016-09-28&src=typd&lang=en","","","#1uVote #StopTheSteal from #CrookedHillary #trumpwonthedebate #1A #2A #MAGA #SafeAgain @realDonaldTrump 4#POTUS pic.twitter.com/D49JHgAqD9","DJTrump is President‏ @ramonia_hood; 27 Sep 2016; #1uVote; #StopTheSteal; #CrookedHillary; #trumpwonthedebate; #1A; #2A; #MAGA; #SafeAgain; @realDonaldTrump; pic.twitter.com/D49JHgAqD9","https://twitter.com/ramonia_hood; https://twitter.com/ramonia_hood/status/780919424719196161; https://twitter.com/hashtag/1uVote?src=hash; https://twitter.com/hashtag/StopTheSteal?src=hash; https://twitter.com/hashtag/CrookedHillary?src=hash; https://twitter.com/hashtag/trumpwonthedebate?src=hash; https://twitter.com/hashtag/1A?src=hash; https://twitter.com/hashtag/2A?src=hash; https://twitter.com/hashtag/MAGA?src=hash; https://twitter.com/hashtag/SafeAgain?src=hash; https://twitter.com/realDonaldTrump; https://t.co/D49JHgAqD9","https://pbs.twimg.com/profile_images/823211045955190784/2PHgy6vy_bigger.jpg; https://pbs.twimg.com/media/CtZiE8cWEAEJoU_.jpg","; ","https://twitter.com/ramonia_hood; "
"https://twitter.com/search?l=&q=%23maga%20since%3A2016-09-27%20until%3A2016-09-28&src=typd&lang=en","","","@cindymannings Nice @DRUDGE_REPORT mouth HRC U feel Your above everyone telling officers to go F --k URSELF #Maga #Debates2016","Julia Thompson‏ @tellilikeitis; 27 Sep 2016; @KLSouth; @cindymannings; @DRUDGE_REPORT; #Maga; #Debates2016","https://twitter.com/tellilikeitis; https://twitter.com/tellilikeitis/status/780919417622310913; https://twitter.com/KLSouth; https://twitter.com/cindymannings; https://twitter.com/DRUDGE_REPORT; https://twitter.com/hashtag/Maga?src=hash; https://twitter.com/hashtag/Debates2016?src=hash","https://pbs.twimg.com/profile_images/853257238173110276/YY1omYf0_bigger.jpg","","https://twitter.com/tellilikeitis"
"https://twitter.com/search?l=&q=%23maga%20since%3A2016-09-27%20until%3A2016-09-28&src=typd&lang=en","","","Thank you, @MajorCBS, for showing the massive crowd at @realDonaldTrump's Melbourne, FL rally! #TrumpMelbourne #MAGA","Sharon Knapik‏ @FreeStateYank; 27 Sep 2016; @MajorCBS; @MajorCBS; @realDonaldTrump; #TrumpMelbourne; #MAGA","https://twitter.com/FreeStateYank; https://twitter.com/FreeStateYank/status/780919413277126661; https://twitter.com/MajorCBS; https://twitter.com/MajorCBS; https://twitter.com/realDonaldTrump; https://twitter.com/hashtag/TrumpMelbourne?src=hash; https://twitter.com/hashtag/MAGA?src=hash","https://pbs.twimg.com/profile_images/513692162853048320/a1b_jZsB_bigger.jpeg","","https://twitter.com/FreeStateYank"
"https://twitter.com/search?l=&q=%23maga%20since%3A2016-09-27%20until%3A2016-09-28&src=typd&lang=en","","","#MAGA http://ift.tt/2diAa5o Democrats. Can we make this the first result when you google ""democrats""?","D Ploribus Unum‏ @dreamedofdust; 27 Sep 2016; #MAGA; http://ift.tt/2diAa5o","https://twitter.com/dreamedofdust; https://twitter.com/dreamedofdust/status/780919348848394240; https://twitter.com/hashtag/MAGA?src=hash; https://t.co/pA83RUzZF0","https://pbs.twimg.com/profile_images/741216378540154880/QzY2iaDx_bigger.jpg","","https://twitter.com/dreamedofdust"
"https://twitter.com/search?l=&q=%23maga%20since%3A2016-09-27%20until%3A2016-09-28&src=typd&lang=en","","","Hillary Clinton is the only presidential candidate with corruption ties to Russia - Assange #TCOT #MAGA #PJNEThttps://www.reddit.com/r/WikiLeaks/comments/54sew0/hillary_clinton_is_the_only_presidential/ …","Joey Brooklyn‏ @Joe_America1776; 27 Sep 2016; #TCOT; #MAGA; #PJNET; https://www.reddit.com/r/WikiLeaks/comments/54sew0/hillary_clinton_is_the_only_presidential/ …","https://twitter.com/Joe_America1776; https://twitter.com/Joe_America1776/status/780919342301057029; https://twitter.com/hashtag/TCOT?src=hash; https://twitter.com/hashtag/MAGA?src=hash; https://twitter.com/hashtag/PJNET?src=hash; https://t.co/1vGm6lLjVk","https://pbs.twimg.com/profile_images/620621503822868480/HQhnzY2C_bigger.jpg","","https://twitter.com/Joe_America1776"
"https://twitter.com/search?l=&q=%23maga%20since%3A2016-09-27%20until%3A2016-09-28&src=typd&lang=en","","","#MAGA http://ift.tt/2czWR4f PSA: All polls are bullshit, even the ones with Trump leading. This was planned.","D Ploribus Unum‏ @dreamedofdust; 27 Sep 2016; #MAGA; http://ift.tt/2czWR4f","https://twitter.com/dreamedofdust; https://twitter.com/dreamedofdust/status/780919342099816448; https://twitter.com/hashtag/MAGA?src=hash; https://t.co/SZFrETngx8","https://pbs.twimg.com/profile_images/741216378540154880/QzY2iaDx_bigger.jpg","","https://twitter.com/dreamedofdust"
"https://twitter.com/search?l=&q=%23maga%20since%3A2016-09-27%20until%3A2016-09-28&src=typd&lang=en","","",".@DanScavino on #Periscope: AMAZING. THIS IS A MASSIVE MOVEMENT- we are in FLORIDA! #MAGA #TrumpTrainhttps://www.pscp.tv/w/armtSDFNV0V3ZEF4R2JEUWJ8MWpNS2dyZURvUlB4TImpY3Pj1PXCde3z0yM6A7z2QxYDOcNEF8mUpnwwQvYo …","TRUMP‏ @MimMgmgmg; 27 Sep 2016; @DanScavino; #Periscope; #MAGA; #TrumpTrain; https://www.pscp.tv/w/armtSDFNV0V3ZEF4R2JEUWJ8MWpNS2dyZURvUlB4TImpY3Pj1PXCde3z0yM6A7z2QxYDOcNEF8mUpnwwQvYo …","https://twitter.com/MimMgmgmg; https://twitter.com/MimMgmgmg/status/780919337892745217; https://twitter.com/DanScavino; https://twitter.com/hashtag/Periscope?src=hash; https://twitter.com/hashtag/MAGA?src=hash; https://twitter.com/hashtag/TrumpTrain?src=hash; https://t.co/PPUJE0SzLK","https://pbs.twimg.com/profile_images/857578677848207362/MuCm9_MZ_bigger.jpg","","https://twitter.com/MimMgmgmg"
"https://twitter.com/search?l=&q=%23maga%20since%3A2016-09-27%20until%3A2016-09-28&src=typd&lang=en","","","#MAGA http://ift.tt/2d81UuX Oh, the irony: cucks at the New York Post are alleging that *we're* pushing a narrative now...","D Ploribus Unum‏ @dreamedofdust; 27 Sep 2016; #MAGA; http://ift.tt/2d81UuX","https://twitter.com/dreamedofdust; https://twitter.com/dreamedofdust/status/780919335082754049; https://twitter.com/hashtag/MAGA?src=hash; https://t.co/jJR9e1qoT9","https://pbs.twimg.com/profile_images/741216378540154880/QzY2iaDx_bigger.jpg","","https://twitter.com/dreamedofdust"
"https://twitter.com/search?l=&q=%23maga%20since%3A2016-09-27%20until%3A2016-09-28&src=typd&lang=en","","","#MAGA http://ift.tt/2cJkE50 It's Happening: The Influential USA Today Op-Ed admits ""Trump pulled off presidential"" | Like Reagan in 1980…","D Ploribus Unum‏ @dreamedofdust; 27 Sep 2016; #MAGA; http://ift.tt/2cJkE50","https://twitter.com/dreamedofdust; https://twitter.com/dreamedofdust/status/780919327474286592; https://twitter.com/hashtag/MAGA?src=hash; https://t.co/8G0FG2T7zd","https://pbs.twimg.com/profile_images/741216378540154880/QzY2iaDx_bigger.jpg","","https://twitter.com/dreamedofdust"
"https://twitter.com/search?l=&q=%23maga%20since%3A2016-09-27%20until%3A2016-09-28&src=typd&lang=en","","","i Love Loving my town . i'm tired of compLacency . stop turning bLind eyes . vote change in America - you count, you're not immigrants #MAGA pic.twitter.com/YxhSnYX6lp","sayinit ephanie‏ @diseasesolved; 27 Sep 2016; #MAGA; pic.twitter.com/YxhSnYX6lp","https://twitter.com/diseasesolved; https://twitter.com/diseasesolved/status/780919288324427776; https://twitter.com/hashtag/MAGA?src=hash; https://t.co/YxhSnYX6lp","https://pbs.twimg.com/profile_images/718469030785478656/od5y9rvw_bigger.jpg","","https://twitter.com/diseasesolved"
"https://twitter.com/search?l=&q=%23maga%20since%3A2016-09-27%20until%3A2016-09-28&src=typd&lang=en","","","IMPRESSIVE! In only 42 short days we will #MAGA Lying dying lamestream media is powerless to stop the movement. #Trump2016 #TrumpPence16https://twitter.com/alivitali/status/780915953253187584 …","John R Smith 🇺🇸‏ @Desert2theSea; 27 Sep 2016; #MAGA; #Trump2016; #TrumpPence16; https://twitter.com/alivitali/status/780915953253187584 …","https://twitter.com/Desert2theSea; https://twitter.com/Desert2theSea/status/780919285409460224; https://twitter.com/hashtag/MAGA?src=hash; https://twitter.com/hashtag/Trump2016?src=hash; https://twitter.com/hashtag/TrumpPence16?src=hash; https://t.co/DBbWK6JusG","https://pbs.twimg.com/profile_images/848365009750990848/wDaxpqB6_bigger.jpg","","https://twitter.com/Desert2theSea"
"https://twitter.com/search?l=&q=%23maga%20since%3A2016-09-27%20until%3A2016-09-28&src=typd&lang=en","","","Donald Trump and Leona Helmsley: ""Only the little people pay taxes."" #MAGA","Eric Owens‏Verified account @ericowensdc; 27 Sep 2016; #MAGA","https://twitter.com/ericowensdc; https://twitter.com/ericowensdc/status/780919257290932224; https://twitter.com/hashtag/MAGA?src=hash","https://pbs.twimg.com/profile_images/3469937079/2399467b20dbc9222fc8133bfee5282c_bigger.jpeg","","https://twitter.com/ericowensdc"
"https://twitter.com/search?l=&q=%23maga%20since%3A2016-09-27%20until%3A2016-09-28&src=typd&lang=en","","",""" A GUN IS LIKE A WOMAN. IT'S ALL ABOUT HOW YOU HOLD HER."" #2A #2ADefenders #MAGA #Pjnetpic.twitter.com/y3xsoSYcWT","Angel‏ @Angelemichelle; 27 Sep 2016; #2A; #2ADefenders; #MAGA; #Pjnet; pic.twitter.com/y3xsoSYcWT","https://twitter.com/Angelemichelle; https://twitter.com/Angelemichelle/status/780919230241710080; https://twitter.com/hashtag/2A?src=hash; https://twitter.com/hashtag/2ADefenders?src=hash; https://twitter.com/hashtag/MAGA?src=hash; https://twitter.com/hashtag/Pjnet?src=hash; https://t.co/y3xsoSYcWT","https://pbs.twimg.com/profile_images/819048511937183744/ZSEfuA8K_bigger.jpg","","https://twitter.com/Angelemichelle"
"https://twitter.com/search?l=&q=%23maga%20since%3A2016-09-27%20until%3A2016-09-28&src=typd&lang=en","","","WOW! Amazing crowd in FL for Trump rally! #TrumpPence16 #MAGA https://twitter.com/DanScavino/status/780918635871240192 …","McQ‏ @cultcommoncore; 27 Sep 2016; #TrumpPence16; #MAGA; https://twitter.com/DanScavino/status/780918635871240192 …","https://twitter.com/cultcommoncore; https://twitter.com/cultcommoncore/status/780919227964203008; https://twitter.com/hashtag/TrumpPence16?src=hash; https://twitter.com/hashtag/MAGA?src=hash; https://t.co/Dd1dtQSc6p","https://pbs.twimg.com/profile_images/813283565244776449/syeZ0ysK_bigger.jpg","","https://twitter.com/cultcommoncore"
"https://twitter.com/search?l=&q=%23maga%20since%3A2016-09-27%20until%3A2016-09-28&src=typd&lang=en","","","Why didn't they do a broad scan of hrc's rallie today? @Fatfred10. #MAGA https://twitter.com/GoldStarMomTX55/status/780911290890027008 …","Fatfred‏ @Fatfred10; 27 Sep 2016; @Fatfred10; #MAGA; https://twitter.com/GoldStarMomTX55/status/780911290890027008 …","https://twitter.com/Fatfred10; https://twitter.com/Fatfred10/status/780919208339238913; https://twitter.com/Fatfred10; https://twitter.com/hashtag/MAGA?src=hash; https://t.co/xn3KwGqENN","https://pbs.twimg.com/profile_images/792789863967981568/jV2ZIKUW_bigger.jpg","","https://twitter.com/Fatfred10"
"https://twitter.com/search?l=&q=%23maga%20since%3A2016-09-27%20until%3A2016-09-28&src=typd&lang=en","","","FBI probes hacks targeting phones of Democratic Party officials #TCOT #WakeUpAmerica #MAGA #PJNEThttps://www.reddit.com/r/WikiLeaks/comments/54tkcg/fbi_probes_hacks_targeting_phones_of_democratic/ …","Joey Brooklyn‏ @Joe_America1776; 27 Sep 2016; #TCOT; #WakeUpAmerica; #MAGA; #PJNET; https://www.reddit.com/r/WikiLeaks/comments/54tkcg/fbi_probes_hacks_targeting_phones_of_democratic/ …","https://twitter.com/Joe_America1776; https://twitter.com/Joe_America1776/status/780919195995340800; https://twitter.com/hashtag/TCOT?src=hash; https://twitter.com/hashtag/WakeUpAmerica?src=hash; https://twitter.com/hashtag/MAGA?src=hash; https://twitter.com/hashtag/PJNET?src=hash; https://t.co/QBcjIMHUnN","https://pbs.twimg.com/profile_images/620621503822868480/HQhnzY2C_bigger.jpg","","https://twitter.com/Joe_America1776"
"https://twitter.com/search?l=&q=%23maga%20since%3A2016-09-27%20until%3A2016-09-28&src=typd&lang=en","","","#hillaryclinton wants the world, #NWO! #Donaldtrump wants #America #MAGA","JR‏ @Uniqueforu1; 27 Sep 2016; #hillaryclinton; #NWO; #Donaldtrump; #America; #MAGA","https://twitter.com/Uniqueforu1; https://twitter.com/Uniqueforu1/status/780919160976965632; https://twitter.com/hashtag/hillaryclinton?src=hash; https://twitter.com/hashtag/NWO?src=hash; https://twitter.com/hashtag/Donaldtrump?src=hash; https://twitter.com/hashtag/America?src=hash; https://twitter.com/hashtag/MAGA?src=hash","https://pbs.twimg.com/profile_images/786505635437305856/lHQqSkbA_bigger.jpg","","https://twitter.com/Uniqueforu1"
"https://twitter.com/search?l=&q=%23maga%20since%3A2016-09-27%20until%3A2016-09-28&src=typd&lang=en","","","Watch on #Periscope: AMAZING. THIS IS A MASSIVE MOVEMENT- we are in FLORIDA! #MAGA #TrumpTrainhttps://www.pscp.tv/w/armtNTFlVlFZZHhweHB3RUx8MWpNS2dyZURvUlB4TEIMMJP1_bJa4u26wmlNz8BUSnauVmJ92tVNPmHrLdrq …","RockPrincess‏ @Rockprincess818; 27 Sep 2016; #Periscope; #MAGA; #TrumpTrain; https://www.pscp.tv/w/armtNTFlVlFZZHhweHB3RUx8MWpNS2dyZURvUlB4TEIMMJP1_bJa4u26wmlNz8BUSnauVmJ92tVNPmHrLdrq …","https://twitter.com/Rockprincess818; https://twitter.com/Rockprincess818/status/780919145693007872; https://twitter.com/hashtag/Periscope?src=hash; https://twitter.com/hashtag/MAGA?src=hash; https://twitter.com/hashtag/TrumpTrain?src=hash; https://t.co/4cZtEVhgPf","https://pbs.twimg.com/profile_images/782373954509877248/jXFHRJoR_bigger.jpg","","https://twitter.com/Rockprincess818"
"https://twitter.com/search?l=&q=%23maga%20since%3A2016-09-27%20until%3A2016-09-28&src=typd&lang=en","","","Trump now in FL: I'm not running to be the President of Globalism, but the President of the United States. #MAGA #TrumpWon #TrumpTrain #tcot","Deplorable Ron‏ @Inductivist; 27 Sep 2016; #MAGA; #TrumpWon; #TrumpTrain; #tcot","https://twitter.com/Inductivist; https://twitter.com/Inductivist/status/780919126260797440; https://twitter.com/hashtag/MAGA?src=hash; https://twitter.com/hashtag/TrumpWon?src=hash; https://twitter.com/hashtag/TrumpTrain?src=hash; https://twitter.com/hashtag/tcot?src=hash","https://pbs.twimg.com/profile_images/794959410867019776/LE9U15L1_bigger.jpg","","https://twitter.com/Inductivist"
"https://twitter.com/search?l=&q=%23maga%20since%3A2016-09-27%20until%3A2016-09-28&src=typd&lang=en","","","For those of you still supporting her after all the lies and scandals-Wake Up!!! She's using you!! Let's #MAGA instead!! https://twitter.com/casuperrunner/status/777371939497086976 …","TechForTrump‏ @texastechmommy; 27 Sep 2016; #MAGA; https://twitter.com/casuperrunner/status/777371939497086976 …","https://twitter.com/texastechmommy; https://twitter.com/texastechmommy/status/780919120833327104; https://twitter.com/hashtag/MAGA?src=hash; https://t.co/OJ2iIlqlcU","https://pbs.twimg.com/profile_images/793941332385353728/Kvo3dNgW_bigger.jpg","","https://twitter.com/texastechmommy"
"https://twitter.com/search?l=&q=%23maga%20since%3A2016-09-27%20until%3A2016-09-28&src=typd&lang=en","","","CLINTON RECEIVED DEBATE QUESTIONS WEEK BEFORE DEBATE, ACCORDING TO SOURCES. #MakeHillaryStayAfterSchool #MAGA http://baltimoregazette.com/clinton-received-debate-questions-week-debate/ …","TweetMyTrump‏ @TweetMyTrump; 27 Sep 2016; #MakeHillaryStayAfterSchool; #MAGA; http://baltimoregazette.com/clinton-received-debate-questions-week-debate/ …","https://twitter.com/TweetMyTrump; https://twitter.com/TweetMyTrump/status/780919118451138560; https://twitter.com/hashtag/MakeHillaryStayAfterSchool?src=hash; https://twitter.com/hashtag/MAGA?src=hash; https://t.co/QCobo5REr3","https://pbs.twimg.com/profile_images/768920301409144837/xi7hkFMU_bigger.jpg","","https://twitter.com/TweetMyTrump"
"https://twitter.com/search?l=&q=%23maga%20since%3A2016-09-27%20until%3A2016-09-28&src=typd&lang=en","","","#RiggedMedia protects #CrookedHillary #MAGA https://twitter.com/richardgrenell/status/780915426561708032 …","Voting4Trump‏ @bluebirdsfly02; 27 Sep 2016; #RiggedMedia; #CrookedHillary; #MAGA; https://twitter.com/richardgrenell/status/780915426561708032 …","https://twitter.com/bluebirdsfly02; https://twitter.com/bluebirdsfly02/status/780919115754201089; https://twitter.com/hashtag/RiggedMedia?src=hash; https://twitter.com/hashtag/CrookedHillary?src=hash; https://twitter.com/hashtag/MAGA?src=hash; https://t.co/ngbiqEnftJ","https://pbs.twimg.com/profile_images/759415427344642048/lHnUJ8jP_bigger.jpg","","https://twitter.com/bluebirdsfly02"
"https://twitter.com/search?l=&q=%23maga%20since%3A2016-09-27%20until%3A2016-09-28&src=typd&lang=en","","","I don't give a damn. Europe has always been a source of problem for the rest of the world. WWI & WWII. They never learn #MAGA https://twitter.com/LeeMares/status/780833796497272832 …","Julian D'Menace‏ @JulianLotter; 27 Sep 2016; #MAGA; https://twitter.com/LeeMares/status/780833796497272832 …","https://twitter.com/JulianLotter; https://twitter.com/JulianLotter/status/780919068425588737; https://twitter.com/hashtag/MAGA?src=hash; https://t.co/7c1zDqldOk","https://pbs.twimg.com/profile_images/821553182803312640/om5j-Rla_bigger.jpg","","https://twitter.com/JulianLotter"
"https://twitter.com/search?l=&q=%23maga%20since%3A2016-09-27%20until%3A2016-09-28&src=typd&lang=en","","","Hillary thinks YOU are the idiot... #MAGA pic.twitter.com/Vg8uFsVHtj","TheWorldIsOurs‏ @ThisWorldOfUs; 27 Sep 2016; @AndreasOpinions; @killermuses; @timkaine; #MAGA; pic.twitter.com/Vg8uFsVHtj","https://twitter.com/ThisWorldOfUs; https://twitter.com/ThisWorldOfUs/status/780919029447872512; https://twitter.com/AndreasOpinions; https://twitter.com/killermuses; https://twitter.com/timkaine; https://twitter.com/hashtag/MAGA?src=hash; https://t.co/Vg8uFsVHtj","https://pbs.twimg.com/profile_images/705146004828336128/VSeyAzgz_bigger.jpg","","https://twitter.com/ThisWorldOfUs"
"https://twitter.com/search?l=&q=%23maga%20since%3A2016-09-27%20until%3A2016-09-28&src=typd&lang=en","","","MORE TRUMP LIES!!! Surely he is DOOOMed now. #MAGA @ScottAdamsSays @CandaceSmith_ @KatMcKinley","Va. Texan ☆‏ @VaTxn; 27 Sep 2016; @CandaceSmith_; #MAGA; @ScottAdamsSays; @CandaceSmith_; @KatMcKinley","https://twitter.com/VaTxn; https://twitter.com/VaTxn/status/780918993272078337; https://twitter.com/CandaceSmith_; https://twitter.com/hashtag/MAGA?src=hash; https://twitter.com/ScottAdamsSays; https://twitter.com/CandaceSmith_; https://twitter.com/KatMcKinley","https://pbs.twimg.com/profile_images/3703368542/8c07046b680aeea2022a0d05bea05774_bigger.png","","https://twitter.com/VaTxn"
"https://twitter.com/search?l=&q=%23maga%20since%3A2016-09-27%20until%3A2016-09-28&src=typd&lang=en","","","Trump demolished the hildebeast... https://www.youtube.com/watch?v=d4rXovU6hYE … #Trump2016 #MAGA","Bradley Frank‏ @addos; 27 Sep 2016; https://www.youtube.com/watch?v=d4rXovU6hYE …; #Trump2016; #MAGA","https://twitter.com/addos; https://twitter.com/addos/status/780918965061160960; https://t.co/1prNgl23u0; https://twitter.com/hashtag/Trump2016?src=hash; https://twitter.com/hashtag/MAGA?src=hash","https://pbs.twimg.com/profile_images/645995222/pyramid_eye_bigger.jpg","","https://twitter.com/addos"
"https://twitter.com/search?l=&q=%23maga%20since%3A2016-09-27%20until%3A2016-09-28&src=typd&lang=en","","","Any #lgbt voting for #Clinton is voting for his own torture harassment +death by #Muslim hordes #Islam #ClintonVsTrump #TrumpWon #MAGA pic.twitter.com/X7T5beTbIk","Hellenic4chan‏ @Greekcha; 27 Sep 2016; #lgbt; #Clinton; #Muslim; #Islam; #ClintonVsTrump; #TrumpWon; #MAGA; pic.twitter.com/X7T5beTbIk","https://twitter.com/Greekcha; https://twitter.com/Greekcha/status/780918964478181376; https://twitter.com/hashtag/lgbt?src=hash; https://twitter.com/hashtag/Clinton?src=hash; https://twitter.com/hashtag/Muslim?src=hash; https://twitter.com/hashtag/Islam?src=hash; https://twitter.com/hashtag/ClintonVsTrump?src=hash; https://twitter.com/hashtag/TrumpWon?src=hash; https://twitter.com/hashtag/MAGA?src=hash; https://t.co/X7T5beTbIk","https://pbs.twimg.com/profile_images/836450125572624385/9NvBsfab_bigger.jpg; https://pbs.twimg.com/media/CtZhplWWgAAoOJE.jpg","; ","https://twitter.com/Greekcha; "
"https://twitter.com/search?l=&q=%23maga%20since%3A2016-09-27%20until%3A2016-09-28&src=typd&lang=en","","","House Passes Obamacare Mandate Exemption Bill, White House Issues Veto Threat #TCOT #WakeUpAmerica #MAGA #PJNEThttp://dailycaller.com/2016/09/27/house-passes-obamacare-mandate-exemption-bill-white-house-issues-veto-threat/ …","Joey Brooklyn‏ @Joe_America1776; 27 Sep 2016; #TCOT; #WakeUpAmerica; #MAGA; #PJNET; http://dailycaller.com/2016/09/27/house-passes-obamacare-mandate-exemption-bill-white-house-issues-veto-threat/ …","https://twitter.com/Joe_America1776; https://twitter.com/Joe_America1776/status/780918957289136128; https://twitter.com/hashtag/TCOT?src=hash; https://twitter.com/hashtag/WakeUpAmerica?src=hash; https://twitter.com/hashtag/MAGA?src=hash; https://twitter.com/hashtag/PJNET?src=hash; https://t.co/RgtR1KHUyh","https://pbs.twimg.com/profile_images/620621503822868480/HQhnzY2C_bigger.jpg","","https://twitter.com/Joe_America1776"
"https://twitter.com/search?l=&q=%23maga%20since%3A2016-09-27%20until%3A2016-09-28&src=typd&lang=en","","","Rudy Giuliani: Hillary Clinton ‘Too Stupid’ To Be President #TCOT #WakeUpAmerica #MAGA #PJNEThttp://dailycaller.com/2016/09/27/rudy-giuliani-hillary-clinton-too-stupid-to-be-president/ …","Joey Brooklyn‏ @Joe_America1776; 27 Sep 2016; #TCOT; #WakeUpAmerica; #MAGA; #PJNET; http://dailycaller.com/2016/09/27/rudy-giuliani-hillary-clinton-too-stupid-to-be-president/ …","https://twitter.com/Joe_America1776; https://twitter.com/Joe_America1776/status/780918915874578432; https://twitter.com/hashtag/TCOT?src=hash; https://twitter.com/hashtag/WakeUpAmerica?src=hash; https://twitter.com/hashtag/MAGA?src=hash; https://twitter.com/hashtag/PJNET?src=hash; https://t.co/3mNI7iQSGJ","https://pbs.twimg.com/profile_images/620621503822868480/HQhnzY2C_bigger.jpg","","https://twitter.com/Joe_America1776"
"https://twitter.com/search?l=&q=%23maga%20since%3A2016-09-27%20until%3A2016-09-28&src=typd&lang=en","","","Cant wait to see Pence vs Kaine debate. Pence will DOMINATE! #VoteTrump2016 #MAGA #AmericaFirst #ThisisaMovement","The Trump Movement‏ @America___First; 27 Sep 2016; #VoteTrump2016; #MAGA; #AmericaFirst; #ThisisaMovement","https://twitter.com/America___First; https://twitter.com/America___First/status/780918902201192448; https://twitter.com/hashtag/VoteTrump2016?src=hash; https://twitter.com/hashtag/MAGA?src=hash; https://twitter.com/hashtag/AmericaFirst?src=hash; https://twitter.com/hashtag/ThisisaMovement?src=hash","https://pbs.twimg.com/profile_images/822299967436025856/cbzSJmkM_bigger.jpg","","https://twitter.com/America___First"
"https://twitter.com/search?l=&q=%23maga%20since%3A2016-09-27%20until%3A2016-09-28&src=typd&lang=en","","","Thanks @gribnitt! I'm also fond of my ovulation skeeze-out a few tweets back. I definitely emptied my skeeze bags with that one! LOL! #MAGA https://twitter.com/gribnitt/status/780917138211024896 …","Skeezy Donald‏ @SkeezyDonald; 27 Sep 2016; @gribnitt; #MAGA; https://twitter.com/gribnitt/status/780917138211024896 …","https://twitter.com/SkeezyDonald; https://twitter.com/SkeezyDonald/status/780918868420222976; https://twitter.com/gribnitt; https://twitter.com/hashtag/MAGA?src=hash; https://t.co/2VNLNq3hj6","https://pbs.twimg.com/profile_images/802157445401444353/sc1fZeZB_bigger.jpg","","https://twitter.com/SkeezyDonald"
"https://twitter.com/search?l=&q=%23maga%20since%3A2016-09-27%20until%3A2016-09-28&src=typd&lang=en","","","How much did he donate to the #ClintonFoundation @potus #maga https://twitter.com/cnnbrk/status/780899952524455938 …","Kevin M. Rice‏ @Mr_KM_Rice; 27 Sep 2016; #ClintonFoundation; @potus; #maga; https://twitter.com/cnnbrk/status/780899952524455938 …","https://twitter.com/Mr_KM_Rice; https://twitter.com/Mr_KM_Rice/status/780918859918368768; https://twitter.com/hashtag/ClintonFoundation?src=hash; https://twitter.com/POTUS; https://twitter.com/hashtag/maga?src=hash; https://t.co/HdiuFrM88R","https://pbs.twimg.com/profile_images/774075891622170625/aAGGQbzw_bigger.jpg","","https://twitter.com/Mr_KM_Rice"
"https://twitter.com/search?l=&q=%23maga%20since%3A2016-09-27%20until%3A2016-09-28&src=typd&lang=en","","","Donald Trump can only win if Jill Stein stays in http://claysbeach.blogspot.com/2016/09/donald-trump-can-only-win-if-jill-stein_27.html … #Clinton #Obama #Stein #MAGA via @clayclai","Clay Claiborne‏ @clayclai; 27 Sep 2016; http://claysbeach.blogspot.com/2016/09/donald-trump-can-only-win-if-jill-stein_27.html …; #Clinton; #Obama; #Stein; #MAGA; @clayclai","https://twitter.com/clayclai; https://twitter.com/clayclai/status/780918843082366976; https://t.co/BLMBCu1Dbi; https://twitter.com/hashtag/Clinton?src=hash; https://twitter.com/hashtag/Obama?src=hash; https://twitter.com/hashtag/Stein?src=hash; https://twitter.com/hashtag/MAGA?src=hash; https://twitter.com/clayclai","https://pbs.twimg.com/profile_images/727186279809470465/ipigp_Wt_bigger.jpg","","https://twitter.com/clayclai"
"https://twitter.com/search?l=&q=%23maga%20since%3A2016-09-27%20until%3A2016-09-28&src=typd&lang=en","","","Madam, you are cabinet-level awesome. #MAGA","Charles Kamins‏ @ckamins; 27 Sep 2016; @AJDelgado13; #MAGA","https://twitter.com/ckamins; https://twitter.com/ckamins/status/780918828175732736; https://twitter.com/AJDelgado13; https://twitter.com/hashtag/MAGA?src=hash","https://pbs.twimg.com/profile_images/647879975811465216/8QH4NdIw_bigger.jpg","","https://twitter.com/ckamins"
"https://twitter.com/search?l=&q=%23maga%20since%3A2016-09-27%20until%3A2016-09-28&src=typd&lang=en","","","""I believe every single parent in this country...has the RIGHT to raise their kids in safety."" #TrumpPence16 #MAGA #AmericaFirstpic.twitter.com/3SA0V1EvrJ","Linda Suhler, Ph.D.‏ @LindaSuhler; 27 Sep 2016; #TrumpPence16; #MAGA; #AmericaFirst; pic.twitter.com/3SA0V1EvrJ","https://twitter.com/LindaSuhler; https://twitter.com/LindaSuhler/status/780918827601145856; https://twitter.com/hashtag/TrumpPence16?src=hash; https://twitter.com/hashtag/MAGA?src=hash; https://twitter.com/hashtag/AmericaFirst?src=hash; https://t.co/3SA0V1EvrJ","https://pbs.twimg.com/profile_images/816430830532718592/MZ3braDh_bigger.jpg; https://pbs.twimg.com/media/CtZhTEoUEAAIa9Y.jpg","; ","https://twitter.com/LindaSuhler; "
"https://twitter.com/search?l=&q=%23maga%20since%3A2016-09-27%20until%3A2016-09-28&src=typd&lang=en","","",".@DanScavino on #Periscope: AMAZING. THIS IS A MASSIVE MOVEMENT- we are in FLORIDA! #MAGA #TrumpTrainhttps://www.pscp.tv/w/arms2TUwMDgwNTJ8MWpNS2dyZURvUlB4TPcrmxyuYTVe9r94ORmVMcD_djbmQ16DGombgjZZCSgG …","SavageNation‏ @SavageNation; 27 Sep 2016; @DanScavino; #Periscope; #MAGA; #TrumpTrain; https://www.pscp.tv/w/arms2TUwMDgwNTJ8MWpNS2dyZURvUlB4TPcrmxyuYTVe9r94ORmVMcD_djbmQ16DGombgjZZCSgG …","https://twitter.com/SavageNation; https://twitter.com/SavageNation/status/780918826376437760; https://twitter.com/DanScavino; https://twitter.com/hashtag/Periscope?src=hash; https://twitter.com/hashtag/MAGA?src=hash; https://twitter.com/hashtag/TrumpTrain?src=hash; https://t.co/rnGWYZvwr4","https://pbs.twimg.com/profile_images/126588932/savage_nation_bigger.jpg","","https://twitter.com/SavageNation"
"https://twitter.com/search?l=&q=%23maga%20since%3A2016-09-27%20until%3A2016-09-28&src=typd&lang=en","","","#AmericaFirst #MAGA https://twitter.com/4mostcoach/status/780661755961757696 …","Steven Jackson‏ @rockchalk75; 27 Sep 2016; #AmericaFirst; #MAGA; https://twitter.com/4mostcoach/status/780661755961757696 …","https://twitter.com/rockchalk75; https://twitter.com/rockchalk75/status/780918798631055360; https://twitter.com/hashtag/AmericaFirst?src=hash; https://twitter.com/hashtag/MAGA?src=hash; https://t.co/qitHhE728b","https://pbs.twimg.com/profile_images/3278737215/9d5da2b1d5ec79369de2423ec515c698_bigger.jpeg","","https://twitter.com/rockchalk75"
"https://twitter.com/search?l=&q=%23maga%20since%3A2016-09-27%20until%3A2016-09-28&src=typd&lang=en","","","Ed Cox: Trump Could Have a ‘Ronald Reagan 1980 Kind of Blowout' http://ln.is/www.breitbart.com/ra/saQAY … via @BreitbartNews #maga","mikecipriano‏ @mikecipriano; 27 Sep 2016; http://ln.is/www.breitbart.com/ra/saQAY …; @BreitbartNews; #maga","https://twitter.com/mikecipriano; https://twitter.com/mikecipriano/status/780918791437950977; https://t.co/JxwfDd92As; https://twitter.com/BreitbartNews; https://twitter.com/hashtag/maga?src=hash","https://pbs.twimg.com/profile_images/631522347/site-Cipriano_-Mike_bigger.jpg","","https://twitter.com/mikecipriano"
"https://twitter.com/search?l=&q=%23maga%20since%3A2016-09-27%20until%3A2016-09-28&src=typd&lang=en","","","POOR JUDGEMENT: I see big war for big private profits (Dick Cheney and Halliburton) And when Americans die, you get this . . . #MAGA pic.twitter.com/IbLoICCoDU","Deplorable Tim 🇺🇸‏ @Timtravels007; 27 Sep 2016; #MAGA; pic.twitter.com/IbLoICCoDU","https://twitter.com/Timtravels007; https://twitter.com/Timtravels007/status/780918769719705600; https://twitter.com/hashtag/MAGA?src=hash; https://t.co/IbLoICCoDU","https://pbs.twimg.com/profile_images/813423322616786945/Ef55AQdS_bigger.jpg; https://pbs.twimg.com/media/CtZheP8VYAANiLD.jpg","; ","https://twitter.com/Timtravels007; "
"https://twitter.com/search?l=&q=%23maga%20since%3A2016-09-27%20until%3A2016-09-28&src=typd&lang=en","","","#ISIS: Islamic or not? #cascademall #pjnet #maga http://ptbooks.info/250-2 pic.twitter.com/kQHuq1bees","Peter Townsend‏ @PeterTownsend7; 27 Sep 2016; #ISIS; #cascademall; #pjnet; #maga; http://ptbooks.info/250-2; pic.twitter.com/kQHuq1bees","https://twitter.com/PeterTownsend7; https://twitter.com/PeterTownsend7/status/780918740624011264; https://twitter.com/hashtag/ISIS?src=hash; https://twitter.com/hashtag/cascademall?src=hash; https://twitter.com/hashtag/pjnet?src=hash; https://twitter.com/hashtag/maga?src=hash; https://t.co/g1lJb3ZZGy; https://t.co/kQHuq1bees","https://pbs.twimg.com/profile_images/482725665033031681/CTkaW9bG_bigger.jpeg; https://pbs.twimg.com/media/CjL1bw0UkAIVvun.jpg","; ","https://twitter.com/PeterTownsend7; "
"https://twitter.com/search?l=&q=%23maga%20since%3A2016-09-27%20until%3A2016-09-28&src=typd&lang=en","","","@LesterHoltNBC frightened of the dishonest #MSM had no other choice but to attack #Trump.Another @CandyCrowley moment #CorruptClinton #MAGA","BestOfDon‏ @joy2850; 27 Sep 2016; @LesterHoltNBC; #MSM; #Trump; @CandyCrowley; #CorruptClinton; #MAGA","https://twitter.com/joy2850; https://twitter.com/joy2850/status/780918737406791680; https://twitter.com/LesterHoltNBC; https://twitter.com/hashtag/MSM?src=hash; https://twitter.com/hashtag/Trump?src=hash; https://twitter.com/CandyCrowley; https://twitter.com/hashtag/CorruptClinton?src=hash; https://twitter.com/hashtag/MAGA?src=hash","https://pbs.twimg.com/profile_images/820093630241243136/d3qBeVXd_bigger.jpg","","https://twitter.com/joy2850"
"https://twitter.com/search?l=&q=%23maga%20since%3A2016-09-27%20until%3A2016-09-28&src=typd&lang=en","","","#1uVote #StopTheSteal from #Hitlary #trumpwonthedebate #1A #2A @realDonaldTrump will #MAGA & #SafeAgain pic.twitter.com/1e3ZeSJTQ4","DJTrump is President‏ @ramonia_hood; 27 Sep 2016; #1uVote; #StopTheSteal; #Hitlary; #trumpwonthedebate; #1A; #2A; @realDonaldTrump; #MAGA; #SafeAgain; pic.twitter.com/1e3ZeSJTQ4","https://twitter.com/ramonia_hood; https://twitter.com/ramonia_hood/status/780918720638119936; https://twitter.com/hashtag/1uVote?src=hash; https://twitter.com/hashtag/StopTheSteal?src=hash; https://twitter.com/hashtag/Hitlary?src=hash; https://twitter.com/hashtag/trumpwonthedebate?src=hash; https://twitter.com/hashtag/1A?src=hash; https://twitter.com/hashtag/2A?src=hash; https://twitter.com/realDonaldTrump; https://twitter.com/hashtag/MAGA?src=hash; https://twitter.com/hashtag/SafeAgain?src=hash; https://t.co/1e3ZeSJTQ4","https://pbs.twimg.com/profile_images/823211045955190784/2PHgy6vy_bigger.jpg; https://pbs.twimg.com/media/CtZhb8UWYAA8OEu.jpg","; ","https://twitter.com/ramonia_hood; "
"https://twitter.com/search?l=&q=%23maga%20since%3A2016-09-27%20until%3A2016-09-28&src=typd&lang=en","","","@HillaryClinton Sure as hell isn't a spine!! #vet #maga #TrumpWon Maybe something to keep her head out of her ass? #justsaying #libtardhttps://twitter.com/prisonplanet/status/780788774741614593 …","Redneck Mr Grumpfish‏ @ronlaskey; 27 Sep 2016; @HillaryClinton; #vet; #maga; #TrumpWon; #justsaying; #libtard; https://twitter.com/prisonplanet/status/780788774741614593 …","https://twitter.com/ronlaskey; https://twitter.com/ronlaskey/status/780918681966485504; https://twitter.com/HillaryClinton; https://twitter.com/hashtag/vet?src=hash; https://twitter.com/hashtag/maga?src=hash; https://twitter.com/hashtag/TrumpWon?src=hash; https://twitter.com/hashtag/justsaying?src=hash; https://twitter.com/hashtag/libtard?src=hash; https://t.co/rJ7R2CBCxr","https://pbs.twimg.com/profile_images/799267506456330240/PjPACcYf_bigger.jpg","","https://twitter.com/ronlaskey"
"https://twitter.com/search?l=&q=%23maga%20since%3A2016-09-27%20until%3A2016-09-28&src=typd&lang=en","","",".@realDonaldTrump to cheering Melbourne FL crowd: “I will never back down when it comes to saving American lives.” #MAGA","teriobrien‏ @teriobrien; 27 Sep 2016; @realDonaldTrump; #MAGA","https://twitter.com/teriobrien; https://twitter.com/teriobrien/status/780918677755625476; https://twitter.com/realDonaldTrump; https://twitter.com/hashtag/MAGA?src=hash","https://pbs.twimg.com/profile_images/52807315/headshot__edited_bigger.jpg","","https://twitter.com/teriobrien"
"https://twitter.com/search?l=&q=%23maga%20since%3A2016-09-27%20until%3A2016-09-28&src=typd&lang=en","","","She is part of the corrupt establishment. Her ideas are old and tired. Time to disrupt the corrupt system with new ideas & energy #MAGA https://twitter.com/hollybdc/status/780912789154037760 …","Sherri‏ @SociallySherri; 27 Sep 2016; #MAGA; https://twitter.com/hollybdc/status/780912789154037760 …","https://twitter.com/SociallySherri; https://twitter.com/SociallySherri/status/780918640447070208; https://twitter.com/hashtag/MAGA?src=hash; https://t.co/qCNMKHmens","https://pbs.twimg.com/profile_images/853990615733813249/RCUwbE-Z_bigger.jpg","","https://twitter.com/SociallySherri"
"https://twitter.com/search?l=&q=%23maga%20since%3A2016-09-27%20until%3A2016-09-28&src=typd&lang=en","","","LYIN LESTER HOLT’s ‘FACT CHECK’ of Trump Just Got DESTROYED #TCOT #WakeUpAmerica #MAGA #PJNEThttp://viralliberty.com/lyin-lester-holts-fact-check-trump-just-got-destroyed/ …","Joey Brooklyn‏ @Joe_America1776; 27 Sep 2016; #TCOT; #WakeUpAmerica; #MAGA; #PJNET; http://viralliberty.com/lyin-lester-holts-fact-check-trump-just-got-destroyed/ …","https://twitter.com/Joe_America1776; https://twitter.com/Joe_America1776/status/780918639549710337; https://twitter.com/hashtag/TCOT?src=hash; https://twitter.com/hashtag/WakeUpAmerica?src=hash; https://twitter.com/hashtag/MAGA?src=hash; https://twitter.com/hashtag/PJNET?src=hash; https://t.co/0SMXSV0plU","https://pbs.twimg.com/profile_images/620621503822868480/HQhnzY2C_bigger.jpg","","https://twitter.com/Joe_America1776"
"https://twitter.com/search?l=&q=%23maga%20since%3A2016-09-27%20until%3A2016-09-28&src=typd&lang=en","","","stay on #Periscope: brilliant. this is A huge motion- we are in FLORIDA! #MAGA #TrumpTrainhttps://www.pscp.tv/w/armsxTEzNTg4Mzh8MWpNS2dyZURvUlB4THpBFx_ig7qSDxHxkRqH48iTRcZ46-LzQ3wt1W9iRyD0 …","TRUMP ita‏ @TeresoDuro; 27 Sep 2016; #Periscope; #MAGA; #TrumpTrain; https://www.pscp.tv/w/armsxTEzNTg4Mzh8MWpNS2dyZURvUlB4THpBFx_ig7qSDxHxkRqH48iTRcZ46-LzQ3wt1W9iRyD0 …","https://twitter.com/TeresoDuro; https://twitter.com/TeresoDuro/status/780918638052192256; https://twitter.com/hashtag/Periscope?src=hash; https://twitter.com/hashtag/MAGA?src=hash; https://twitter.com/hashtag/TrumpTrain?src=hash; https://t.co/JdP9QrAagt","https://pbs.twimg.com/profile_images/748561066720886784/-3dEpueu_bigger.jpg","","https://twitter.com/TeresoDuro"
"https://twitter.com/search?l=&q=%23maga%20since%3A2016-09-27%20until%3A2016-09-28&src=typd&lang=en","","","LIVE on #Periscope: AMAZING. THIS IS A MASSIVE MOVEMENT- we are in FLORIDA! #MAGA #TrumpTrainhttps://www.pscp.tv/w/armsxTEzNTg4Mzh8MWpNS2dyZURvUlB4THpBFx_ig7qSDxHxkRqH48iTRcZ46-LzQ3wt1W9iRyD0 …","Dan Scavino Jr.‏Verified account @DanScavino; 27 Sep 2016; #Periscope; #MAGA; #TrumpTrain; https://www.pscp.tv/w/armsxTEzNTg4Mzh8MWpNS2dyZURvUlB4THpBFx_ig7qSDxHxkRqH48iTRcZ46-LzQ3wt1W9iRyD0 …","https://twitter.com/DanScavino; https://twitter.com/DanScavino/status/780918635871240192; https://twitter.com/hashtag/Periscope?src=hash; https://twitter.com/hashtag/MAGA?src=hash; https://twitter.com/hashtag/TrumpTrain?src=hash; https://t.co/SMRn1VQnRA","https://pbs.twimg.com/profile_images/855566219914735616/C9Zg2k2I_bigger.jpg","","https://twitter.com/DanScavino"
"https://twitter.com/search?l=&q=%23maga%20since%3A2016-09-27%20until%3A2016-09-28&src=typd&lang=en","","","WATCH: TRUMP JUST RELEASED THIS AMAZING NEW AD EXPOSING HILLARY’S KRYPTONITE! #TCOT #WakeUpAmerica #MAGA #PJNEThttp://viralliberty.com/watch-trump-releases-amazing-new-ad-exposing-hillarys-kryptonite/ …","Joey Brooklyn‏ @Joe_America1776; 27 Sep 2016; #TCOT; #WakeUpAmerica; #MAGA; #PJNET; http://viralliberty.com/watch-trump-releases-amazing-new-ad-exposing-hillarys-kryptonite/ …","https://twitter.com/Joe_America1776; https://twitter.com/Joe_America1776/status/780918617374396416; https://twitter.com/hashtag/TCOT?src=hash; https://twitter.com/hashtag/WakeUpAmerica?src=hash; https://twitter.com/hashtag/MAGA?src=hash; https://twitter.com/hashtag/PJNET?src=hash; https://t.co/tdtjoumyWS","https://pbs.twimg.com/profile_images/620621503822868480/HQhnzY2C_bigger.jpg","","https://twitter.com/Joe_America1776"
"https://twitter.com/search?l=&q=%23maga%20since%3A2016-09-27%20until%3A2016-09-28&src=typd&lang=en","","","WOW!! The Boston Globe poll has Trump winning the debate. Again that's The Boston Globe. #TrumpWon #Debates2016 #debates #MAGA https://twitter.com/BostonGlobe/status/780598563533455365 …","Mr Alex 🇺🇸 👌‏ @New_England_; 27 Sep 2016; #TrumpWon; #Debates2016; #debates; #MAGA; https://twitter.com/BostonGlobe/status/780598563533455365 …","https://twitter.com/New_England_; https://twitter.com/New_England_/status/780918613150752768; https://twitter.com/hashtag/TrumpWon?src=hash; https://twitter.com/hashtag/Debates2016?src=hash; https://twitter.com/hashtag/debates?src=hash; https://twitter.com/hashtag/MAGA?src=hash; https://t.co/IDVBVaQMDz","https://pbs.twimg.com/profile_images/800683832810696704/vKhtaYbU_bigger.jpg","","https://twitter.com/New_England_"
"https://twitter.com/search?l=&q=%23maga%20since%3A2016-09-27%20until%3A2016-09-28&src=typd&lang=en","","","Glad Trump showed restraint in the first debate. Would love to see him open the throttle a bit more in the second. #MAGA #Trump2016","ViveLaFrance‏ @vivelafra; 27 Sep 2016; #MAGA; #Trump2016","https://twitter.com/vivelafra; https://twitter.com/vivelafra/status/780918612790022144; https://twitter.com/hashtag/MAGA?src=hash; https://twitter.com/hashtag/Trump2016?src=hash","https://pbs.twimg.com/profile_images/801626452726784001/bCZZ7hEv_bigger.jpg","","https://twitter.com/vivelafra"
"https://twitter.com/search?l=&q=%23maga%20since%3A2016-09-27%20until%3A2016-09-28&src=typd&lang=en","","","Why I'm not supporting #CrookedHillary #HillaryLies #MAGA pic.twitter.com/212bAqXkmZ","Voting4Trump‏ @bluebirdsfly02; 27 Sep 2016; #CrookedHillary; #HillaryLies; #MAGA; pic.twitter.com/212bAqXkmZ","https://twitter.com/bluebirdsfly02; https://twitter.com/bluebirdsfly02/status/780918605726834688; https://twitter.com/hashtag/CrookedHillary?src=hash; https://twitter.com/hashtag/HillaryLies?src=hash; https://twitter.com/hashtag/MAGA?src=hash; https://t.co/212bAqXkmZ","https://pbs.twimg.com/profile_images/759415427344642048/lHnUJ8jP_bigger.jpg; https://pbs.twimg.com/media/CtZhUTJVYAA1Sss.jpg","; ","https://twitter.com/bluebirdsfly02; "
"https://twitter.com/search?l=&q=%23maga%20since%3A2016-09-27%20until%3A2016-09-28&src=typd&lang=en","","","US soldiers chased by Syrian Rebels. Only under @BarackObama admin would our soldiers EVER run from enemy #NeverHillary #Trump2016 #MAGA https://twitter.com/opisisturkey/status/779860966985072640 …","Tetha‏ @ttsdunn; 27 Sep 2016; @BarackObama; #NeverHillary; #Trump2016; #MAGA; https://twitter.com/opisisturkey/status/779860966985072640 …","https://twitter.com/ttsdunn; https://twitter.com/ttsdunn/status/780918604606771200; https://twitter.com/BarackObama; https://twitter.com/hashtag/NeverHillary?src=hash; https://twitter.com/hashtag/Trump2016?src=hash; https://twitter.com/hashtag/MAGA?src=hash; https://t.co/sTzhZXv42H","https://pbs.twimg.com/profile_images/818201618189578242/qqjyMYV-_bigger.jpg","","https://twitter.com/ttsdunn"
